driverId,name,ssn,location,certified,wage-plan
10,Holly Rodriguez,731-89-4654,"43317 Alex Brooks
Williamston, LA 04896",Y,hours
11,Michael Chase,110-68-6389,"324 Mary Track Suite 069
Stephenport, ND 52740",Y,miles
12,Rebecca Warren,662-03-2532,"Unit 0590 Box 7405
DPO AP 25013",Y,miles
13,Barbara Newman,041-49-6553,"88827 Ross Inlet
Jacquelineport, AK 02917",Y,hours
14,Willie Perez,602-56-0928,"725 Richard Overpass Suite 830
Port Julieside, WV 85633",Y,miles
15,Jamie Barrera,203-32-5585,"561 Richard Orchard
Dennischester, AK 72049",N,miles
16,Steven Lopez,455-25-0773,"71386 Karen Spurs Suite 627
Clarkborough, GU 62725",N,hours
17,Allison Foster,459-92-1304,"665 Michael Oval
Susantown, AZ 03575",N,miles
18,Frank Mcdonald,350-97-0053,"0054 Petersen Lake Apt. 702
Chelseyville, VA 41472",Y,miles
19,Ashley Newton,259-21-7315,"0549 Farley Expressway
Port Davidmouth, MH 92343",N,miles
20,Priscilla Davis,592-12-4872,"840 Maldonado Inlet
Michellemouth, NY 97638",Y,hours
21,Terri Alexander,083-31-0688,"311 Steven Hollow
Bobbyton, SC 90071",N,miles
22,Shane Powers,427-60-6391,"3870 Shaw Vista Suite 717
Tinaland, WV 54064",Y,miles
23,Willie Alexander,251-54-5673,"603 Wendy Cape
Lake Richardmouth, DC 92838",Y,hours
24,Johnny Gonzalez,805-68-4609,"30996 Juan Station
New Elizabeth, MA 86700",N,miles
25,April Suarez MD,832-85-3036,"13300 Becker Ports Apt. 820
North Laurafurt, VT 47753",N,hours
26,Timothy Wilson,485-52-9031,"8350 Tammy Forge
New Jenniferhaven, NV 25914",N,miles
27,Nathan Mathews,067-63-9981,"389 Aguilar Key
West Jodifurt, IL 69067",N,miles
28,Amber Wilkinson,064-56-8505,"8742 Lee Forge Apt. 418
Ramirezville, MO 87700",Y,miles
29,Emma Patel,564-96-2965,"21389 Timothy Stream Apt. 012
North Nicole, NC 06366",N,hours
30,Brian Bartlett,139-49-0155,"71813 Lori Lights Suite 789
Angelaberg, VA 74678",Y,hours
31,David Stout,196-78-7060,"439 Andrew Rapids Apt. 835
North Julie, PW 65981",Y,miles
32,Laura Herrera,536-18-6492,"29966 Kline Lake
Leetown, NE 14128",N,hours
33,Angela Lynn,788-31-5348,"340 Rose Plains Apt. 741
West Rachael, OH 65533",Y,miles
34,Anthony Hicks,896-57-4663,"01272 Charlotte Lock
Port James, WI 89606",N,miles
35,Omar Randolph,671-98-0331,"21723 Jennifer Prairie
Garciabury, MN 47616",Y,miles
36,Denise Juarez,380-22-6324,"47898 Corey Knoll Suite 507
Patrickmouth, VI 42714",Y,hours
37,Erica Black,041-84-8969,"5941 Brian Crossroad
Thomasville, AZ 26289",Y,hours
38,Amanda Mason,441-82-1200,"4887 Christian Cliffs
New Valerie, MH 54819",N,miles
39,Emily Johnson,212-51-7606,"595 Rowe River Apt. 541
Allenport, VI 34725",N,hours
40,Rachel Berry,757-45-1338,"4941 Tamara Tunnel
South Jillchester, MA 07008",N,hours
41,Angela Herring,276-63-5728,"3698 Kimberly Pass
East Jasonville, IN 35970",N,hours
42,Kenneth Martinez,670-65-0719,"3823 Woods Islands
East Ericaburgh, AL 11455",Y,miles
43,Jason Pacheco,800-88-9642,"43218 Luis Roads
West Sandra, ID 28650",Y,hours
44,Anthony Jones,481-84-9073,"5902 Sherri Roads Apt. 555
New Jessica, DE 70565",N,miles
45,John King,389-15-6655,"3063 Reyes Road Apt. 312
North Alexandria, WY 52309",N,hours
46,Gregory Jenkins,632-18-9206,"1737 Michelle Garden Apt. 532
Johnfurt, IA 70351",Y,hours
47,Miss Sandra Diaz DVM,770-99-1167,"02470 Robertson Knoll
Crawfordville, UT 91751",N,miles
48,Patricia Johnson,776-93-8599,"PSC 8903, Box 1690
APO AP 52844",N,miles
49,Julian Ramirez,189-94-3816,"67748 Gutierrez Corners
Paultown, MO 11082",N,miles
50,Sandra Stark,282-55-0420,"882 Scott Isle
South Martinland, IL 91697",N,miles
51,Brenda Payne,544-59-3863,"1772 Jason Oval Apt. 333
East Suzanne, NM 61629",N,miles
52,Heather Lawrence,322-05-6847,"186 Allison Streets
West Nicholastown, VA 28972",N,hours
53,Joseph Sexton,774-26-5130,"Unit 3111 Box 0192
DPO AE 55399",N,miles
54,Carolyn Johnston,458-43-3313,"Unit 8930 Box 6057
DPO AA 31716",Y,miles
55,Ashley Koch,565-83-4041,"02616 Daniel Manor
Floresview, CA 42807",N,hours
56,Keith Chambers,659-55-0132,"3315 Carter Mission Apt. 163
Stephenstad, NV 65993",N,hours
57,Lisa Williams,426-79-0603,"013 Jessica Views
North Richard, TX 84280",Y,hours
58,Jennifer Baker,487-26-8538,"677 Newton Harbor
East Gabrielleton, MP 29966",Y,miles
59,Nathan Rivera,177-83-4100,"010 Geoffrey Flat
Ryanbury, TX 61103",N,miles
60,Zachary Johnson,871-14-1796,"93134 Gill Trafficway Apt. 644
Carrollburgh, KY 77477",Y,hours
61,Keith Juarez,678-47-5573,"112 John Skyway
Maryside, IN 83305",Y,miles
62,Amanda Schultz,626-82-1410,"3325 Rhodes Crossroad Suite 409
Jonathanview, RI 14964",N,hours
63,Alyssa Long,370-39-8496,"16210 Rebecca Inlet
Lake Meaganburgh, LA 79197",Y,hours
64,Kimberly Kennedy,420-59-5396,"636 Matthew Rue Apt. 301
Brendaville, OK 65581",N,miles
65,Tina Wilson,757-15-6112,"97965 Thomas Union
North Dustin, VA 08573",Y,hours
66,Barbara Kennedy,051-05-7527,"488 Jessica Ferry
Port Robertfort, GU 97139",N,hours
67,Krystal Williams,592-84-3358,"2568 Paul Mission Suite 446
New Jessica, PW 94112",N,miles
68,Jennifer Lopez,335-47-2159,"650 Dawn Spurs Apt. 216
East Victoria, MS 71440",Y,hours
69,John Gordon MD,790-18-5719,"326 Callahan Loaf Apt. 099
New Richardmouth, IA 96823",N,hours
70,Stephanie Long,597-41-9119,"20028 Boyd Lakes
West Autumn, MA 43663",Y,hours
71,Kim Sanders,513-30-9443,"6320 Willie Branch Suite 142
Lake Anthonymouth, ND 38938",Y,miles
72,Robert Zimmerman,106-49-4144,"1031 Frank Court
Thorntonstad, SD 14637",N,hours
73,Stephen Johnson,778-56-0787,"07521 Joshua Turnpike
New Tylerville, WY 58209",Y,hours
74,Donna Jensen,533-05-1227,"84870 Perez Stream Suite 726
Jacobtown, MH 67112",N,miles
75,Kimberly Day,015-86-3780,"288 Ashley Cliffs
Aaronberg, TX 05337",Y,hours
76,Megan Williams,089-44-6497,"78792 Christopher Oval Suite 870
West Patrickburgh, FM 35202",Y,hours
77,James Gomez,291-86-0936,"1788 James Parkways Apt. 454
Lynnfurt, KY 14971",N,hours
78,Steven Sexton,501-22-5371,"69505 Kim Circles
South Sarahstad, AS 88658",N,miles
79,Emily Weaver,706-98-7637,"8984 Curry Rest
Port Christina, WY 96240",Y,miles
80,Deborah Edwards,785-98-7047,"449 Smith Expressway
Sherylmouth, MH 53725",Y,miles
81,Jessica Taylor,445-51-2382,"2214 Sarah Alley
Brittneybury, IL 13525",Y,miles
82,Denise Adams,316-60-9170,"310 Jennifer Drive
Ashleeside, ND 92541",Y,miles
83,Michael Clark,455-16-2423,"737 Deleon Flats
East Heidiborough, CO 24622",Y,miles
84,Sarah Baker,889-50-1200,"92711 Mary Village Apt. 753
West Samuel, AS 11839",N,hours
85,Mathew Johnson,745-87-4031,"42237 Brown Harbor Suite 421
Johnsontown, TN 66882",Y,miles
86,Joanna Hernandez,480-14-2325,"599 Marquez Estate Suite 812
Masseyfurt, MH 96194",N,miles
87,Sarah Joseph,285-18-0788,"3725 Hinton Valleys Apt. 813
Yvonnehaven, AS 27836",N,miles
88,Sydney Ferguson,198-88-1427,"3763 Navarro Green
Caseyshire, IL 41720",N,hours
89,Michael Woods,441-50-8174,"75838 Donald Branch Apt. 719
Hurleyton, AZ 62240",Y,hours
90,Melissa Reed,606-59-1911,"4923 Mercado Locks
Port Willieport, MA 67840",N,miles
91,Melissa Moses,095-91-3762,"84291 Sparks Island
Port Justinhaven, AZ 41869",N,hours
92,Christopher Padilla,605-68-8080,"6574 Pierce Mountain Suite 663
Leblancmouth, IL 05555",N,miles
93,Mr. Jason Nielsen,640-23-2829,"5762 Jennifer Bypass Suite 523
Moniquefort, MI 51915",Y,miles
94,Chad Garcia,141-65-7832,"0438 Neal Island
New Scott, CT 71175",N,miles
95,Samantha Moreno,262-18-8153,"1993 Smith Ports Suite 112
Robersonberg, ID 00501",Y,hours
96,Matthew Duran,118-91-1659,"14773 Jasmine Underpass
North Jacobfurt, NH 13572",N,hours
97,Jeffrey Russell,277-05-9609,"787 Brown Keys
Leonchester, MS 24298",Y,miles
98,Laura Hunter,239-88-2187,"689 Harper Valley
Port Nicholemouth, IN 67971",N,miles
99,Louis Wallace,680-84-1265,"175 Christopher Meadow
Kayleeborough, GA 22014",N,miles
100,Frank Patel,419-62-1237,"7878 Price Village
Bradleyside, KY 53389",N,miles
101,Martin Collins,849-17-5559,"541 Jonathan Mill Suite 386
North Christinehaven, RI 44034",Y,hours
102,Yvonne Ingram,566-71-4227,"3290 Barnett Pine Apt. 277
New Jamesshire, AZ 46701",Y,hours
103,Joshua Villa,428-13-1727,"556 Margaret Light Apt. 568
Melaniebury, KS 47487",N,miles
104,Jason Padilla,723-50-2700,"874 Fox Place Suite 508
Lisaport, KS 82557",N,miles
105,Tracy Sanchez DDS,597-28-1813,"5462 Walsh Hollow
Hughestown, PR 18737",Y,hours
106,Audrey Rodriguez,296-02-6519,"0020 Brown Corners
North Samanthafort, TN 38750",N,hours
107,Sandra Young,010-58-3308,"44066 Brian Viaduct
Wrightton, AL 40036",N,miles
108,David Rodriguez,061-46-4008,"7454 Michael Garden Apt. 904
Dorseyton, NJ 55471",Y,miles
109,Timothy Harris,690-41-1945,"7431 Laura Island
Port Maureen, DE 54895",N,hours
